id,title,contaminante,nivel,value,fecha,year
1020220216nox,Centro,nox,"",14.1,16-02-2022,2022
1020221221nox,Centro,nox,"",37.5,21-12-2022,2022
1020230330nox,Centro,nox,"",9.7,30-03-2023,2023
1020230226nox,Centro,nox,"",3.1,26-02-2023,2023
1020220921nox,Centro,nox,"",6.5,21-09-2022,2022
1020220923nox,Centro,nox,"",7.7,23-09-2022,2022
1020230131nox,Centro,nox,"",6.6,31-01-2023,2023
1020230207nox,Centro,nox,"",14.9,07-02-2023,2023
1020230319nox,Centro,nox,"",4.3,19-03-2023,2023
1020211117nox,Centro,nox,"",4.8,17-11-2021,2021
1020211119nox,Centro,nox,"",19.5,19-11-2021,2021
1020230312nox,Centro,nox,"",5.4,12-03-2023,2023
1020230318nox,Centro,nox,"",6.3,18-03-2023,2023
1020230125nox,Centro,nox,"",7.1,25-01-2023,2023
1020230425nox,Centro,nox,"",13.1,25-04-2023,2023
1020230530nox,Centro,nox,"",5.7,30-05-2023,2023
1020230601nox,Centro,nox,"",4.5,01-06-2023,2023
1020211129nox,Centro,nox,"",6.1,29-11-2021,2021
1020220117nox,Centro,nox,"",21.9,17-01-2022,2022
1020220331nox,Centro,nox,"",1.9,31-03-2022,2022
1020211007nox,Centro,nox,"",5.4,07-10-2021,2021
1020230517nox,Centro,nox,"",5.5,17-05-2023,2023
1020230519nox,Centro,nox,"",2.8,19-05-2023,2023
1020210723nox,Centro,nox,"",5.3,23-07-2021,2021
1020210713nox,Centro,nox,"",3.1,13-07-2021,2021
1020210720nox,Centro,nox,"",3.9,20-07-2021,2021
1020230612nox,Centro,nox,"",5.4,12-06-2023,2023
1020230620nox,Centro,nox,"",4.9,20-06-2023,2023
1020230718nox,Centro,nox,"",12.3,18-07-2023,2023
1020230725nox,Centro,nox,"",1.7,25-07-2023,2023
1020211110nox,Centro,nox,"",6.9,10-11-2021,2021
1020230602nox,Centro,nox,"",5.7,02-06-2023,2023
1020230605nox,Centro,nox,"",5.7,05-06-2023,2023
1020210708nox,Centro,nox,"",3.4,08-07-2021,2021
1020210729nox,Centro,nox,"",4.7,29-07-2021,2021
1020210717nox,Centro,nox,"",2.6,17-07-2021,2021
1020210706nox,Centro,nox,"",3.9,06-07-2021,2021
1020211010nox,Centro,nox,"",3.5,10-10-2021,2021
1020211011nox,Centro,nox,"",4.7,11-10-2021,2021
1020211105nox,Centro,nox,"",4.9,05-11-2021,2021
1020221026nox,Centro,nox,"",25.2,26-10-2022,2022
1020220418nox,Centro,nox,"",2.8,18-04-2022,2022
1020220507nox,Centro,nox,"",3.5,07-05-2022,2022
1020221125nox,Centro,nox,"",10.6,25-11-2022,2022
1020231103nox,Centro,nox,"",7,03-11-2023,2023
1020231114nox,Centro,nox,"",35.8,14-11-2023,2023
1020231201nox,Centro,nox,"",8.2,01-12-2023,2023
1020240124nox,Centro,nox,"",56,24-01-2024,2024
1020240129nox,Centro,nox,"",12,29-01-2024,2024
1020220826nox,Centro,nox,"",2.9,26-08-2022,2022
1020221118nox,Centro,nox,"",7.4,18-11-2022,2022
1020231117nox,Centro,nox,"",4.5,17-11-2023,2023
1020220318nox,Centro,nox,"",6,18-03-2022,2022
1020220327nox,Centro,nox,"",2,27-03-2022,2022
1020230217nox,Centro,nox,"",22.9,17-02-2023,2023
1020210506nox,Centro,nox,"",5.8,06-05-2021,2021
1020210225nox,Centro,nox,"",12.7,25-02-2021,2021
1020210504nox,Centro,nox,"",3.8,04-05-2021,2021
1020220629nox,Centro,nox,"",5.9,29-06-2022,2022
1020220929nox,Centro,nox,"",9.7,29-09-2022,2022
1020220223nox,Centro,nox,"",8.7,23-02-2022,2022
1020230309nox,Centro,nox,"",9.1,09-03-2023,2023
1020230316nox,Centro,nox,"",9.7,16-03-2023,2023
1020210505nox,Centro,nox,"",2.9,05-05-2021,2021
1020210509nox,Centro,nox,"",1.9,09-05-2021,2021
1020210205nox,Centro,nox,"",10.6,05-02-2021,2021
1020210423nox,Centro,nox,"",2.2,23-04-2021,2021
1020210316nox,Centro,nox,"",2.4,16-03-2021,2021
1020221214nox,Centro,nox,"",32.8,14-12-2022,2022
1020230409nox,Centro,nox,"",5.3,09-04-2023,2023
1020210426nox,Centro,nox,"",3.4,26-04-2021,2021
1020210314nox,Centro,nox,"",6,14-03-2021,2021
1020210528nox,Centro,nox,"",4.8,28-05-2021,2021
1020210311nox,Centro,nox,"",13,11-03-2021,2021
1020210618nox,Centro,nox,"",4.3,18-06-2021,2021
1020210420nox,Centro,nox,"",3.7,20-04-2021,2021
1020230205nox,Centro,nox,"",4.3,05-02-2023,2023
1020210620nox,Centro,nox,"",2.3,20-06-2021,2021
1020210331nox,Centro,nox,"",4,31-03-2021,2021
1020210418nox,Centro,nox,"",1.8,18-04-2021,2021
1020210312nox,Centro,nox,"",8.2,12-03-2021,2021
1020230512nox,Centro,nox,"",5.8,12-05-2023,2023
1020211022nox,Centro,nox,"",4.7,22-10-2021,2021
1020221013nox,Centro,nox,"",11.3,13-10-2022,2022
1020230112nox,Centro,nox,"",27.2,12-01-2023,2023
1020240304nox,Centro,nox,"",13.7,04-03-2024,2024
1020240307nox,Centro,nox,"",7.9,07-03-2024,2024
1020240317nox,Centro,nox,"",7.9,17-03-2024,2024
1020220316nox,Centro,nox,"",7.2,16-03-2022,2022
1020220411nox,Centro,nox,"",2.8,11-04-2022,2022
1020221110nox,Centro,nox,"",16.9,10-11-2022,2022
1020220710nox,Centro,nox,"",2.2,10-07-2022,2022
1020230509nox,Centro,nox,"",5.7,09-05-2023,2023
1020230903nox,Centro,nox,"",2.4,03-09-2023,2023
1020221113nox,Centro,nox,"",10.2,13-11-2022,2022
1020221114nox,Centro,nox,"",21.5,14-11-2022,2022
1020211215nox,Centro,nox,"",14.8,15-12-2021,2021
1020230412nox,Centro,nox,"",8.9,12-04-2023,2023
1020240227nox,Centro,nox,"",5.3,27-02-2024,2024
1020240303nox,Centro,nox,"",4.7,03-03-2024,2024
1020220122nox,Centro,nox,"",11.1,22-01-2022,2022
1020210118nox,Centro,nox,"",11.3,18-01-2021,2021
1020231212nox,Centro,nox,"",20.1,12-12-2023,2023
1020240228nox,Centro,nox,"",5.5,28-02-2024,2024
1020220112nox,Centro,nox,"",7.5,12-01-2022,2022
1020210104nox,Centro,nox,"",12.2,04-01-2021,2021
1020240119nox,Centro,nox,"",7.2,19-01-2024,2024
1020240128nox,Centro,nox,"",15.7,28-01-2024,2024
1020240309nox,Centro,nox,"",7,09-03-2024,2024
1020210108nox,Centro,nox,"",12.3,08-01-2021,2021
1020220603nox,Centro,nox,"",6.5,03-06-2022,2022
1020220605nox,Centro,nox,"",1.7,05-06-2022,2022
1020220620nox,Centro,nox,"",7.6,20-06-2022,2022
1020221005nox,Centro,nox,"",12.9,05-10-2022,2022
1020220624nox,Centro,nox,"",4.6,24-06-2022,2022
1020220627nox,Centro,nox,"",3.1,27-06-2022,2022
1020221207nox,Centro,nox,"",17.3,07-12-2022,2022
1020221229nox,Centro,nox,"",37.8,29-12-2022,2022
1020210213nox,Centro,nox,"",6,13-02-2021,2021
1020210815nox,Centro,nox,"",3.1,15-08-2021,2021
1020210305nox,Centro,nox,"",10.1,05-03-2021,2021
1020220614nox,Centro,nox,"",7.2,14-06-2022,2022
1020230110nox,Centro,nox,"",36.3,10-01-2023,2023
1020210215nox,Centro,nox,"",8.9,15-02-2021,2021
1020210319nox,Centro,nox,"",2.6,19-03-2021,2021
1020210226nox,Centro,nox,"",15.3,26-02-2021,2021
1020220728nox,Centro,nox,"",3.5,28-07-2022,2022
1020220815nox,Centro,nox,"",1.5,15-08-2022,2022
1020220819nox,Centro,nox,"",2.2,19-08-2022,2022
1020220824nox,Centro,nox,"",4.9,24-08-2022,2022
1020230114nox,Centro,nox,"",15.4,14-01-2023,2023
1020230123nox,Centro,nox,"",5.7,23-01-2023,2023
1020210318nox,Centro,nox,"",2.5,18-03-2021,2021
1020210812nox,Centro,nox,"",7.7,12-08-2021,2021
1020220915nox,Centro,nox,"",10.3,15-09-2022,2022
1020220916nox,Centro,nox,"",5.8,16-09-2022,2022
1020220924nox,Centro,nox,"",4.3,24-09-2022,2022
1020230606nox,Centro,nox,"",7.3,06-06-2023,2023
1020210508nox,Centro,nox,"",2.7,08-05-2021,2021
1020220421nox,Centro,nox,"",3.7,21-04-2022,2022
1020230629nox,Centro,nox,"",4.7,29-06-2023,2023
1020210525nox,Centro,nox,"",2.8,25-05-2021,2021
1020211023nox,Centro,nox,"",4.7,23-10-2021,2021
1020210819nox,Centro,nox,"",3.9,19-08-2021,2021
1020211217nox,Centro,nox,"",13.7,17-12-2021,2021
1020230719nox,Centro,nox,"",2.1,19-07-2023,2023
1020210531nox,Centro,nox,"",4.5,31-05-2021,2021
1020210516nox,Centro,nox,"",2,16-05-2021,2021
1020220107nox,Centro,nox,"",5.1,07-01-2022,2022
1020220414nox,Centro,nox,"",1.5,14-04-2022,2022
1020220511nox,Centro,nox,"",6.6,11-05-2022,2022
1020220606nox,Centro,nox,"",6.8,06-06-2022,2022
1020230801nox,Centro,nox,"",3.7,01-08-2023,2023
1020210610nox,Centro,nox,"",3.5,10-06-2021,2021
1020210210nox,Centro,nox,"",9.1,10-02-2021,2021
1020210219nox,Centro,nox,"",14.4,19-02-2021,2021
1020210825nox,Centro,nox,"",4.2,25-08-2021,2021
1020210217nox,Centro,nox,"",16.9,17-02-2021,2021
1020230923nox,Centro,nox,"",2.7,23-09-2023,2023
1020220121nox,Centro,nox,"",5.3,21-01-2022,2022
1020221112nox,Centro,nox,"",8.8,12-11-2022,2022
1020231124nox,Centro,nox,"",4.2,24-11-2023,2023
1020220429nox,Centro,nox,"",5.8,29-04-2022,2022
1020220610nox,Centro,nox,"",12.6,10-06-2022,2022
1020231009nox,Centro,nox,"",11.3,09-10-2023,2023
1020231031nox,Centro,nox,"",16.7,31-10-2023,2023
1020220523nox,Centro,nox,"",3.3,23-05-2022,2022
1020220720nox,Centro,nox,"",3.4,20-07-2022,2022
1020220803nox,Centro,nox,"",3.3,03-08-2022,2022
1020230209nox,Centro,nox,"",12.6,09-02-2023,2023
1020240103nox,Centro,nox,"",41,03-01-2024,2024
1020240126nox,Centro,nox,"",50.4,26-01-2024,2024
1020240205nox,Centro,nox,"",44.8,05-02-2024,2024
1020220812nox,Centro,nox,"",4.6,12-08-2022,2022
1020220907nox,Centro,nox,"",5,07-09-2022,2022
1020231115nox,Centro,nox,"",12,15-11-2023,2023
1020231126nox,Centro,nox,"",14.6,26-11-2023,2023
1020231127nox,Centro,nox,"",21.2,27-11-2023,2023
1020221017nox,Centro,nox,"",10.5,17-10-2022,2022
1020210930nox,Centro,nox,"",5.1,30-09-2021,2021
1020220215nox,Centro,nox,"",4.7,15-02-2022,2022
1020220315nox,Centro,nox,"",4.5,15-03-2022,2022
1020231007nox,Centro,nox,"",5.9,07-10-2023,2023
1020231014nox,Centro,nox,"",4.3,14-10-2023,2023
1020231019nox,Centro,nox,"",9.1,19-10-2023,2023
1020210927nox,Centro,nox,"",6.5,27-09-2021,2021
1020210921nox,Centro,nox,"",4.8,21-09-2021,2021
1020210923nox,Centro,nox,"",6.2,23-09-2021,2021
1020230728nox,Centro,nox,"",5.2,28-07-2023,2023
1020230815nox,Centro,nox,"",2.7,15-08-2023,2023
1020220529nox,Centro,nox,"",1.6,29-05-2022,2022
1020220708nox,Centro,nox,"",2.7,08-07-2022,2022
1020231023nox,Centro,nox,"",7.2,23-10-2023,2023
1020231118nox,Centro,nox,"",16.2,18-11-2023,2023
1020210915nox,Centro,nox,"",7,15-09-2021,2021
1020220126nox,Centro,nox,"",34.7,26-01-2022,2022
1020220314nox,Centro,nox,"",5.1,14-03-2022,2022
1020220405nox,Centro,nox,"",4.4,05-04-2022,2022
1020220725nox,Centro,nox,"",2.8,25-07-2022,2022
1020230807nox,Centro,nox,"",4.8,07-08-2023,2023
1020230821nox,Centro,nox,"",4.8,21-08-2023,2023
1020210608nox,Centro,nox,"",7.1,08-06-2021,2021
1020210802nox,Centro,nox,"",4.8,02-08-2021,2021
1020210629nox,Centro,nox,"",3.1,29-06-2021,2021
1020211230nox,Centro,nox,"",34.3,30-12-2021,2021
1020220703nox,Centro,nox,"",1.9,03-07-2022,2022
1020220831nox,Centro,nox,"",2.4,31-08-2022,2022
1020221002nox,Centro,nox,"",16.5,02-10-2022,2022
1020221006nox,Centro,nox,"",8.6,06-10-2022,2022
1020211114nox,Centro,nox,"",3.4,14-11-2021,2021
1020230823nox,Centro,nox,"",8.2,23-08-2023,2023
1020230824nox,Centro,nox,"",13.9,24-08-2023,2023
1020230830nox,Centro,nox,"",4.6,30-08-2023,2023
1020220911nox,Centro,nox,"",3.3,11-09-2022,2022
1020221210nox,Centro,nox,"",5.8,10-12-2022,2022
1020220601nox,Centro,nox,"",6.2,01-06-2022,2022
1020220903nox,Centro,nox,"",3.6,03-09-2022,2022
1020221127nox,Centro,nox,"",7,27-11-2022,2022
1020240319nox,Centro,nox,"",14.5,19-03-2024,2024
1020230126nox,Centro,nox,"",5.8,26-01-2023,2023
1020230323nox,Centro,nox,"",10.5,23-03-2023,2023
1020230406nox,Centro,nox,"",3.2,06-04-2023,2023
1020230310nox,Centro,nox,"",7.5,10-03-2023,2023
1020220320nox,Centro,nox,"",1.7,20-03-2022,2022
1020220814nox,Centro,nox,"",1.6,14-08-2022,2022
1020230418nox,Centro,nox,"",6.4,18-04-2023,2023
1020230420nox,Centro,nox,"",11.6,20-04-2023,2023
1020211121nox,Centro,nox,"",5.6,21-11-2021,2021
1020211120nox,Centro,nox,"",12.1,20-11-2021,2021
1020211226nox,Centro,nox,"",21.9,26-12-2021,2021
1020220120nox,Centro,nox,"",10.9,20-01-2022,2022
1020230325nox,Centro,nox,"",6,25-03-2023,2023
1020230424nox,Centro,nox,"",5,24-04-2023,2023
1020230518nox,Centro,nox,"",3.4,18-05-2023,2023
1020210718nox,Centro,nox,"",2.1,18-07-2021,2021
1020210710nox,Centro,nox,"",2.6,10-07-2021,2021
1020230618nox,Centro,nox,"",3.4,18-06-2023,2023
1020211107nox,Centro,nox,"",3.5,07-11-2021,2021
1020211111nox,Centro,nox,"",9.3,11-11-2021,2021
1020211104nox,Centro,nox,"",8,04-11-2021,2021
1020230523nox,Centro,nox,"",4.5,23-05-2023,2023
1020230528nox,Centro,nox,"",3.6,28-05-2023,2023
1020230616nox,Centro,nox,"",5.2,16-06-2023,2023
1020230617nox,Centro,nox,"",3.7,17-06-2023,2023
1020210721nox,Centro,nox,"",4.6,21-07-2021,2021
1020210701nox,Centro,nox,"",4.9,01-07-2021,2021
1020230803nox,Centro,nox,"",3,03-08-2023,2023
1020230806nox,Centro,nox,"",2.1,06-08-2023,2023
1020220207nox,Centro,nox,"",3.8,07-02-2022,2022
1020220618nox,Centro,nox,"",3.9,18-06-2022,2022
1020220702nox,Centro,nox,"",3,02-07-2022,2022
1020220714nox,Centro,nox,"",6.8,14-07-2022,2022
1020220726nox,Centro,nox,"",2.8,26-07-2022,2022
1020240113nox,Centro,nox,"",24.7,13-01-2024,2024
1020240120nox,Centro,nox,"",8.6,20-01-2024,2024
1020211210nox,Centro,nox,"",4.9,10-12-2021,2021
1020220510nox,Centro,nox,"",6.7,10-05-2022,2022
1020221028nox,Centro,nox,"",11.3,28-10-2022,2022
1020240102nox,Centro,nox,"",35.3,02-01-2024,2024
1020240118nox,Centro,nox,"",5.5,18-01-2024,2024
1020211227nox,Centro,nox,"",18.1,27-12-2021,2021
1020221003nox,Centro,nox,"",17.9,03-10-2022,2022
1020221009nox,Centro,nox,"",5.9,09-10-2022,2022
1020221027nox,Centro,nox,"",16.3,27-10-2022,2022
1020231106nox,Centro,nox,"",5.1,06-11-2023,2023
1020240327nox,Centro,nox,"",12,27-03-2024,2024
1020220227nox,Centro,nox,"",3.6,27-02-2022,2022
1020220521nox,Centro,nox,"",5.3,21-05-2022,2022
1020221011nox,Centro,nox,"",12.4,11-10-2022,2022
1020221218nox,Centro,nox,"",11.1,18-12-2022,2022
1020231027nox,Centro,nox,"",8.7,27-10-2023,2023
1020231215nox,Centro,nox,"",4,15-12-2023,2023
1020240216nox,Centro,nox,"",3.8,16-02-2024,2024
1020240220nox,Centro,nox,"",5.9,20-02-2024,2024
1020220206nox,Centro,nox,"",3.8,06-02-2022,2022
1020210201nox,Centro,nox,"",10.5,01-02-2021,2021
1020220525nox,Centro,nox,"",2.9,25-05-2022,2022
1020221022nox,Centro,nox,"",6.9,22-10-2022,2022
1020230314nox,Centro,nox,"",6.1,14-03-2023,2023
1020230317nox,Centro,nox,"",7.5,17-03-2023,2023
1020211204nox,Centro,nox,"",12.1,04-12-2021,2021
1020210810nox,Centro,nox,"",4.4,10-08-2021,2021
1020221204nox,Centro,nox,"",7.9,04-12-2022,2022
1020230411nox,Centro,nox,"",8.4,11-04-2023,2023
1020230417nox,Centro,nox,"",5.1,17-04-2023,2023
1020230419nox,Centro,nox,"",7.6,19-04-2023,2023
1020210204nox,Centro,nox,"",11.6,04-02-2021,2021
1020210625nox,Centro,nox,"",3.8,25-06-2021,2021
1020210403nox,Centro,nox,"",1.6,03-04-2021,2021
1020210425nox,Centro,nox,"",2.1,25-04-2021,2021
1020210627nox,Centro,nox,"",2.5,27-06-2021,2021
1020220210nox,Centro,nox,"",17.2,10-02-2022,2022
1020230429nox,Centro,nox,"",4.7,29-04-2023,2023
1020211018nox,Centro,nox,"",18.9,18-10-2021,2021
1020210310nox,Centro,nox,"",12.7,10-03-2021,2021
1020210330nox,Centro,nox,"",3.7,30-03-2021,2021
1020230516nox,Centro,nox,"",5.3,16-05-2023,2023
1020230521nox,Centro,nox,"",3.9,21-05-2023,2023
1020230529nox,Centro,nox,"",5.2,29-05-2023,2023
1020211019nox,Centro,nox,"",8.9,19-10-2021,2021
1020210628nox,Centro,nox,"",4,28-06-2021,2021
1020210228nox,Centro,nox,"",6.3,28-02-2021,2021
1020220225nox,Centro,nox,"",3.9,25-02-2022,2022
1020220430nox,Centro,nox,"",3.3,30-04-2022,2022
1020220918nox,Centro,nox,"",4.7,18-09-2022,2022
1020230122nox,Centro,nox,"",4.2,22-01-2023,2023
1020231203nox,Centro,nox,"",5.7,03-12-2023,2023
1020240328nox,Centro,nox,"",5.4,28-03-2024,2024
1020220503nox,Centro,nox,"",4.8,03-05-2022,2022
1020220806nox,Centro,nox,"",2.5,06-08-2022,2022
1020220825nox,Centro,nox,"",4.5,25-08-2022,2022
1020220926nox,Centro,nox,"",5.5,26-09-2022,2022
1020230106nox,Centro,nox,"",11.8,06-01-2023,2023
1020240225nox,Centro,nox,"",6.2,25-02-2024,2024
1020220218nox,Centro,nox,"",11.1,18-02-2022,2022
1020220308nox,Centro,nox,"",7.4,08-03-2022,2022
1020220412nox,Centro,nox,"",3.1,12-04-2022,2022
1020220309nox,Centro,nox,"",10.4,09-03-2022,2022
1020221024nox,Centro,nox,"",15.5,24-10-2022,2022
1020221102nox,Centro,nox,"",12.2,02-11-2022,2022
1020221105nox,Centro,nox,"",7.5,05-11-2022,2022
1020220409nox,Centro,nox,"",1.5,09-04-2022,2022
1020230905nox,Centro,nox,"",6.7,05-09-2023,2023
1020230918nox,Centro,nox,"",7.5,18-09-2023,2023
1020211016nox,Centro,nox,"",5.8,16-10-2021,2021
1020220426nox,Centro,nox,"",7.1,26-04-2022,2022
1020220607nox,Centro,nox,"",4.4,07-06-2022,2022
1020221115nox,Centro,nox,"",30.8,15-11-2022,2022
1020221129nox,Centro,nox,"",8,29-11-2022,2022
1020211229nox,Centro,nox,"",9.9,29-12-2021,2021
1020220306nox,Centro,nox,"",1.9,06-03-2022,2022
1020231121nox,Centro,nox,"",3.6,21-11-2023,2023
1020240221nox,Centro,nox,"",18.2,21-02-2024,2024
1020240229nox,Centro,nox,"",6.7,29-02-2024,2024
1020210130nox,Centro,nox,"",5.6,30-01-2021,2021
1020210107nox,Centro,nox,"",21.5,07-01-2021,2021
1020231129nox,Centro,nox,"",22.4,29-11-2023,2023
1020211112nox,Centro,nox,"",6.5,12-11-2021,2021
1020210131nox,Centro,nox,"",4.8,31-01-2021,2021
1020210103nox,Centro,nox,"",6.3,03-01-2021,2021
1020231010nox,Centro,nox,"",15.3,10-10-2023,2023
1020240104nox,Centro,nox,"",26.3,04-01-2024,2024
1020240114nox,Centro,nox,"",37.4,14-01-2024,2024
1020240116nox,Centro,nox,"",66.4,16-01-2024,2024
1020231110nox,Centro,nox,"",25.5,10-11-2023,2023
1020240223nox,Centro,nox,"",6.6,23-02-2024,2024
1020240326nox,Centro,nox,"",7.7,26-03-2024,2024
1020210821nox,Centro,nox,"",4.3,21-08-2021,2021
1020230610nox,Centro,nox,"",9.3,10-06-2023,2023
1020230613nox,Centro,nox,"",5.2,13-06-2023,2023
1020230628nox,Centro,nox,"",4.9,28-06-2023,2023
1020230625nox,Centro,nox,"",3.6,25-06-2023,2023
1020211212nox,Centro,nox,"",7,12-12-2021,2021
1020210602nox,Centro,nox,"",5.1,02-06-2021,2021
1020230624nox,Centro,nox,"",3.7,24-06-2023,2023
1020230701nox,Centro,nox,"",4.3,01-07-2023,2023
1020230702nox,Centro,nox,"",4,02-07-2023,2023
1020210524nox,Centro,nox,"",5.6,24-05-2021,2021
1020210211nox,Centro,nox,"",23.4,11-02-2021,2021
1020211027nox,Centro,nox,"",12.3,27-10-2021,2021
1020210328nox,Centro,nox,"",2.2,28-03-2021,2021
1020210521nox,Centro,nox,"",3.6,21-05-2021,2021
1020230708nox,Centro,nox,"",4.5,08-07-2023,2023
1020230726nox,Centro,nox,"",2.9,26-07-2023,2023
1020230729nox,Centro,nox,"",3.2,29-07-2023,2023
1020210514nox,Centro,nox,"",2.6,14-05-2021,2021
1020210612nox,Centro,nox,"",3.1,12-06-2021,2021
1020220707nox,Centro,nox,"",2.3,07-07-2022,2022
1020221223nox,Centro,nox,"",55.7,23-12-2022,2022
1020221224nox,Centro,nox,"",13.3,24-12-2022,2022
1020210828nox,Centro,nox,"",3,28-08-2021,2021
1020211031nox,Centro,nox,"",6.2,31-10-2021,2021
1020211202nox,Centro,nox,"",5.2,02-12-2021,2021
1020220506nox,Centro,nox,"",3.9,06-05-2022,2022
1020230102nox,Centro,nox,"",7.7,02-01-2023,2023
1020230109nox,Centro,nox,"",7.8,09-01-2023,2023
1020230113nox,Centro,nox,"",11.8,13-01-2023,2023
1020210214nox,Centro,nox,"",6.6,14-02-2021,2021
1020210619nox,Centro,nox,"",3,19-06-2021,2021
1020210816nox,Centro,nox,"",2.9,16-08-2021,2021
1020211231nox,Centro,nox,"",22.2,31-12-2021,2021
1020220820nox,Centro,nox,"",5.6,20-08-2022,2022
1020220828nox,Centro,nox,"",2.7,28-08-2022,2022
1020210406nox,Centro,nox,"",2.2,06-04-2021,2021
1020220501nox,Centro,nox,"",2.8,01-05-2022,2022
1020230912nox,Centro,nox,"",4,12-09-2023,2023
1020231008nox,Centro,nox,"",7.1,08-10-2023,2023
1020220615nox,Centro,nox,"",7.3,15-06-2022,2022
1020231210nox,Centro,nox,"",28.9,10-12-2023,2023
1020231225nox,Centro,nox,"",16.1,25-12-2023,2023
1020220101nox,Centro,nox,"",13.3,01-01-2022,2022
1020220422nox,Centro,nox,"",8.2,22-04-2022,2022
1020231011nox,Centro,nox,"",16.2,11-10-2023,2023
1020231016nox,Centro,nox,"",5,16-10-2023,2023
1020231105nox,Centro,nox,"",2.3,05-11-2023,2023
1020231223nox,Centro,nox,"",2.6,23-12-2023,2023
1020240110nox,Centro,nox,"",15.6,10-01-2024,2024
1020240111nox,Centro,nox,"",8.4,11-01-2024,2024
1020220129nox,Centro,nox,"",17.1,29-01-2022,2022
1020220905nox,Centro,nox,"",8.1,05-09-2022,2022
1020231020nox,Centro,nox,"",4.6,20-10-2023,2023
1020231113nox,Centro,nox,"",21.7,13-11-2023,2023
1020211004nox,Centro,nox,"",4.3,04-10-2021,2021
1020211015nox,Centro,nox,"",7.4,15-10-2021,2021
1020230630nox,Centro,nox,"",4.4,30-06-2023,2023
1020210726nox,Centro,nox,"",3.5,26-07-2021,2021
1020210711nox,Centro,nox,"",2.5,11-07-2021,2021
1020220110nox,Centro,nox,"",4.1,10-01-2022,2022
1020220217nox,Centro,nox,"",7.6,17-02-2022,2022
1020220403nox,Centro,nox,"",1.5,03-04-2022,2022
1020230927nox,Centro,nox,"",26.2,27-09-2023,2023
1020210902nox,Centro,nox,"",4.7,02-09-2021,2021
1020210924nox,Centro,nox,"",7.2,24-09-2021,2021
1020210929nox,Centro,nox,"",3.9,29-09-2021,2021
1020230814nox,Centro,nox,"",3.7,14-08-2023,2023
1020230831nox,Centro,nox,"",5.1,31-08-2023,2023
1020230904nox,Centro,nox,"",5.5,04-09-2023,2023
1020220715nox,Centro,nox,"",3.9,15-07-2022,2022
1020220719nox,Centro,nox,"",5.9,19-07-2022,2022
1020231028nox,Centro,nox,"",5,28-10-2023,2023
1020231030nox,Centro,nox,"",6.3,30-10-2023,2023
1020231101nox,Centro,nox,"",5.8,01-11-2023,2023
1020231109nox,Centro,nox,"",15.8,09-11-2023,2023
1020220326nox,Centro,nox,"",2.6,26-03-2022,2022
1020210519nox,Centro,nox,"",2.4,19-05-2021,2021
1020210326nox,Centro,nox,"",3.8,26-03-2021,2021
1020220713nox,Centro,nox,"",3.7,13-07-2022,2022
1020230415nox,Centro,nox,"",3.9,15-04-2023,2023
1020210324nox,Centro,nox,"",8.8,24-03-2021,2021
1020210413nox,Centro,nox,"",4.4,13-04-2021,2021
1020210322nox,Centro,nox,"",2.6,22-03-2021,2021
1020210607nox,Centro,nox,"",2.9,07-06-2021,2021
1020220401nox,Centro,nox,"",2.3,01-04-2022,2022
1020220920nox,Centro,nox,"",6.3,20-09-2022,2022
1020230206nox,Centro,nox,"",11,06-02-2023,2023
1020230825nox,Centro,nox,"",4.5,25-08-2023,2023
1020220214nox,Centro,nox,"",4.7,14-02-2022,2022
1020220303nox,Centro,nox,"",9.1,03-03-2022,2022
1020230828nox,Centro,nox,"",2.8,28-08-2023,2023
1020240107nox,Centro,nox,"",3,07-01-2024,2024
1020240320nox,Centro,nox,"",8.3,20-03-2024,2024
1020230315nox,Centro,nox,"",10.7,15-03-2023,2023
1020211116nox,Centro,nox,"",5.2,16-11-2021,2021
1020211127nox,Centro,nox,"",4.2,27-11-2021,2021
1020230313nox,Centro,nox,"",13.2,13-03-2023,2023
1020220321nox,Centro,nox,"",3.8,21-03-2022,2022
1020220516nox,Centro,nox,"",8.7,16-05-2022,2022
1020221101nox,Centro,nox,"",7.3,01-11-2022,2022
1020221109nox,Centro,nox,"",15.1,09-11-2022,2022
1020230308nox,Centro,nox,"",15.3,08-03-2023,2023
1020230423nox,Centro,nox,"",6.2,23-04-2023,2023
1020230430nox,Centro,nox,"",4.1,30-04-2023,2023
1020230513nox,Centro,nox,"",4.9,13-05-2023,2023
1020211118nox,Centro,nox,"",12.5,18-11-2021,2021
1020220208nox,Centro,nox,"",12.6,08-02-2022,2022
1020230416nox,Centro,nox,"",3.6,16-04-2023,2023
1020230502nox,Centro,nox,"",10.4,02-05-2023,2023
1020210725nox,Centro,nox,"",2.8,25-07-2021,2021
1020210702nox,Centro,nox,"",4.2,02-07-2021,2021
1020210724nox,Centro,nox,"",2.9,24-07-2021,2021
1020210716nox,Centro,nox,"",3.1,16-07-2021,2021
1020210705nox,Centro,nox,"",4.5,05-07-2021,2021
1020230615nox,Centro,nox,"",3.9,15-06-2023,2023
1020230720nox,Centro,nox,"",2.2,20-07-2023,2023
1020211101nox,Centro,nox,"",3.7,01-11-2021,2021
1020211102nox,Centro,nox,"",9.2,02-11-2021,2021
1020220103nox,Centro,nox,"",43.5,03-01-2022,2022
1020210925nox,Centro,nox,"",7.5,25-09-2021,2021
1020210910nox,Centro,nox,"",4.6,10-09-2021,2021
1020230522nox,Centro,nox,"",3.9,22-05-2023,2023
1020210715nox,Centro,nox,"",3.6,15-07-2021,2021
1020210714nox,Centro,nox,"",3,14-07-2021,2021
1020210728nox,Centro,nox,"",4.1,28-07-2021,2021
1020230805nox,Centro,nox,"",2.3,05-08-2023,2023
1020230907nox,Centro,nox,"",3.3,07-09-2023,2023
1020230908nox,Centro,nox,"",5.3,08-09-2023,2023
1020230928nox,Centro,nox,"",25,28-09-2023,2023
1020231005nox,Centro,nox,"",31.9,05-10-2023,2023
1020220330nox,Centro,nox,"",3.2,30-03-2022,2022
1020220323nox,Centro,nox,"",3.9,23-03-2022,2022
1020220505nox,Centro,nox,"",3.9,05-05-2022,2022
1020221117nox,Centro,nox,"",17.2,17-11-2022,2022
1020231213nox,Centro,nox,"",5.3,13-12-2023,2023
1020240130nox,Centro,nox,"",47,30-01-2024,2024
1020240201nox,Centro,nox,"",28.3,01-02-2024,2024
1020231222nox,Centro,nox,"",3,22-12-2023,2023
1020220818nox,Centro,nox,"",1.9,18-08-2022,2022
1020240217nox,Centro,nox,"",3.8,17-02-2024,2024
1020240219nox,Centro,nox,"",4.4,19-02-2024,2024
1020210827nox,Centro,nox,"",3.5,27-08-2021,2021
1020220427nox,Centro,nox,"",6,27-04-2022,2022
1020220428nox,Centro,nox,"",7.5,28-04-2022,2022
1020220617nox,Centro,nox,"",13.4,17-06-2022,2022
1020220619nox,Centro,nox,"",2.6,19-06-2022,2022
1020220711nox,Centro,nox,"",5,11-07-2022,2022
1020221209nox,Centro,nox,"",18.4,09-12-2022,2022
1020221215nox,Centro,nox,"",22.1,15-12-2022,2022
1020211012nox,Centro,nox,"",4.2,12-10-2021,2021
1020210208nox,Centro,nox,"",13.7,08-02-2021,2021
1020210303nox,Centro,nox,"",12.7,03-03-2021,2021
1020210818nox,Centro,nox,"",3.3,18-08-2021,2021
1020210404nox,Centro,nox,"",1.6,04-04-2021,2021
1020210304nox,Centro,nox,"",15,04-03-2021,2021
1020210216nox,Centro,nox,"",10.7,16-02-2021,2021
1020220406nox,Centro,nox,"",2.8,06-04-2022,2022
1020220722nox,Centro,nox,"",4.4,22-07-2022,2022
1020220724nox,Centro,nox,"",2,24-07-2022,2022
1020211115nox,Centro,nox,"",4.9,15-11-2021,2021
1020221231nox,Centro,nox,"",9.3,31-12-2022,2022
1020230103nox,Centro,nox,"",11.4,03-01-2023,2023
1020230108nox,Centro,nox,"",10.2,08-01-2023,2023
1020230111nox,Centro,nox,"",14.9,11-01-2023,2023
1020210401nox,Centro,nox,"",2.2,01-04-2021,2021
1020210428nox,Centro,nox,"",2.9,28-04-2021,2021
1020220813nox,Centro,nox,"",2.2,13-08-2022,2022
1020220816nox,Centro,nox,"",3.9,16-08-2022,2022
1020220822nox,Centro,nox,"",2.7,22-08-2022,2022
1020230116nox,Centro,nox,"",11.5,16-01-2023,2023
1020230201nox,Centro,nox,"",10.2,01-02-2023,2023
1020210209nox,Centro,nox,"",10.4,09-02-2021,2021
1020211028nox,Centro,nox,"",8.1,28-10-2021,2021
1020221211nox,Centro,nox,"",7.7,11-12-2022,2022
1020230121nox,Centro,nox,"",4.9,21-01-2023,2023
1020231207nox,Centro,nox,"",18.9,07-12-2023,2023
1020240226nox,Centro,nox,"",7,26-02-2024,2024
1020240325nox,Centro,nox,"",8.1,25-03-2024,2024
1020220114nox,Centro,nox,"",31.3,14-01-2022,2022
1020221226nox,Centro,nox,"",30.6,26-12-2022,2022
1020240306nox,Centro,nox,"",15.6,06-03-2024,2024
1020240314nox,Centro,nox,"",15.6,14-03-2024,2024
1020221103nox,Centro,nox,"",14.8,03-11-2022,2022
1020221222nox,Centro,nox,"",76.5,22-12-2022,2022
1020211008nox,Centro,nox,"",7.6,08-10-2021,2021
1020220515nox,Centro,nox,"",2.4,15-05-2022,2022
1020220526nox,Centro,nox,"",3.4,26-05-2022,2022
1020221123nox,Centro,nox,"",18.3,23-11-2022,2022
1020221126nox,Centro,nox,"",16.4,26-11-2022,2022
1020220801nox,Centro,nox,"",3.4,01-08-2022,2022
1020240206nox,Centro,nox,"",40.5,06-02-2024,2024
1020240224nox,Centro,nox,"",5.3,24-02-2024,2024
1020210127nox,Centro,nox,"",17.6,27-01-2021,2021
1020210106nox,Centro,nox,"",10,06-01-2021,2021
1020210124nox,Centro,nox,"",4.6,24-01-2021,2021
1020231205nox,Centro,nox,"",9,05-12-2023,2023
1020231209nox,Centro,nox,"",14.6,09-12-2023,2023
1020231211nox,Centro,nox,"",37.7,11-12-2023,2023
1020231226nox,Centro,nox,"",43.8,26-12-2023,2023
1020240308nox,Centro,nox,"",12.2,08-03-2024,2024
1020240321nox,Centro,nox,"",13,21-03-2024,2024
1020210119nox,Centro,nox,"",21.1,19-01-2021,2021
1020210110nox,Centro,nox,"",5.2,10-01-2021,2021
1020210115nox,Centro,nox,"",5.9,15-01-2021,2021
1020240105nox,Centro,nox,"",5.2,05-01-2024,2024
1020240112nox,Centro,nox,"",27.5,12-01-2024,2024
1020240121nox,Centro,nox,"",10.6,21-01-2024,2024
1020240324nox,Centro,nox,"",4.8,24-03-2024,2024
1020240329nox,Centro,nox,"",5.2,29-03-2024,2024
1020220404nox,Centro,nox,"",3.7,04-04-2022,2022
1020230208nox,Centro,nox,"",18.1,08-02-2023,2023
1020230216nox,Centro,nox,"",23.1,16-02-2023,2023
1020210829nox,Centro,nox,"",2.9,29-08-2021,2021
1020210501nox,Centro,nox,"",1.8,01-05-2021,2021
1020210503nox,Centro,nox,"",3.7,03-05-2021,2021
1020211225nox,Centro,nox,"",10.2,25-12-2021,2021
1020220930nox,Centro,nox,"",5.5,30-09-2022,2022
1020221010nox,Centro,nox,"",10.2,10-10-2022,2022
1020221014nox,Centro,nox,"",16.3,14-10-2022,2022
1020221019nox,Centro,nox,"",9.5,19-10-2022,2022
1020211017nox,Centro,nox,"",4.2,17-10-2021,2021
1020230322nox,Centro,nox,"",10.9,22-03-2023,2023
1020230407nox,Centro,nox,"",4.1,07-04-2023,2023
1020210424nox,Centro,nox,"",2.3,24-04-2021,2021
1020210421nox,Centro,nox,"",3.4,21-04-2021,2021
1020230508nox,Centro,nox,"",5.8,08-05-2023,2023
1020230510nox,Centro,nox,"",5.3,10-05-2023,2023
1020210804nox,Centro,nox,"",3.5,04-08-2021,2021
1020210624nox,Centro,nox,"",3.5,24-06-2021,2021
1020210609nox,Centro,nox,"",3.6,09-06-2021,2021
1020220201nox,Centro,nox,"",4.3,01-02-2022,2022
1020220204nox,Centro,nox,"",9.5,04-02-2022,2022
1020230515nox,Centro,nox,"",5,15-05-2023,2023
1020230520nox,Centro,nox,"",2.6,20-05-2023,2023
1020210807nox,Centro,nox,"",3.1,07-08-2021,2021
1020210515nox,Centro,nox,"",3.3,15-05-2021,2021
1020210416nox,Centro,nox,"",2.6,16-04-2021,2021
1020210520nox,Centro,nox,"",4.8,20-05-2021,2021
1020211216nox,Centro,nox,"",15.7,16-12-2021,2021
1020211228nox,Centro,nox,"",5.4,28-12-2021,2021
1020210511nox,Centro,nox,"",2.7,11-05-2021,2021
1020210302nox,Centro,nox,"",9.7,02-03-2021,2021
1020211024nox,Centro,nox,"",6.7,24-10-2021,2021
1020210320nox,Centro,nox,"",2,20-03-2021,2021
1020220118nox,Centro,nox,"",31.2,18-01-2022,2022
1020220307nox,Centro,nox,"",2.9,07-03-2022,2022
1020220324nox,Centro,nox,"",5.5,24-03-2022,2022
1020220423nox,Centro,nox,"",3.4,23-04-2022,2022
1020230524nox,Centro,nox,"",4.1,24-05-2023,2023
1020230804nox,Centro,nox,"",2.9,04-08-2023,2023
1020210325nox,Centro,nox,"",4.2,25-03-2021,2021
1020230914nox,Centro,nox,"",6.4,14-09-2023,2023
1020230924nox,Centro,nox,"",3.6,24-09-2023,2023
1020220928nox,Centro,nox,"",9.6,28-09-2022,2022
1020221128nox,Centro,nox,"",5.5,28-11-2022,2022
1020230117nox,Centro,nox,"",7.1,17-01-2023,2023
1020231128nox,Centro,nox,"",8.8,28-11-2023,2023
1020231231nox,Centro,nox,"",10.8,31-12-2023,2023
1020220528nox,Centro,nox,"",2.5,28-05-2022,2022
1020231015nox,Centro,nox,"",2.3,15-10-2023,2023
1020231018nox,Centro,nox,"",9.7,18-10-2023,2023
1020221015nox,Centro,nox,"",12.8,15-10-2022,2022
1020221208nox,Centro,nox,"",11,08-12-2022,2022
1020230408nox,Centro,nox,"",5.9,08-04-2023,2023
1020240125nox,Centro,nox,"",68.6,25-01-2024,2024
1020220807nox,Centro,nox,"",1.7,07-08-2022,2022
1020220809nox,Centro,nox,"",3.8,09-08-2022,2022
1020231125nox,Centro,nox,"",2.6,25-11-2023,2023
1020220109nox,Centro,nox,"",4.3,09-01-2022,2022
1020220116nox,Centro,nox,"",13,16-01-2022,2022
1020211209nox,Centro,nox,"",12,09-12-2021,2021
1020210905nox,Centro,nox,"",3.6,05-09-2021,2021
1020210917nox,Centro,nox,"",6.8,17-09-2021,2021
1020210918nox,Centro,nox,"",3.4,18-09-2021,2021
1020210906nox,Centro,nox,"",6.6,06-09-2021,2021
1020210907nox,Centro,nox,"",5.1,07-09-2021,2021
1020211009nox,Centro,nox,"",3.9,09-10-2021,2021
1020230715nox,Centro,nox,"",1.9,15-07-2023,2023
1020230721nox,Centro,nox,"",1.8,21-07-2023,2023
1020230722nox,Centro,nox,"",1.9,22-07-2023,2023
1020220407nox,Centro,nox,"",7.4,07-04-2022,2022
1020230911nox,Centro,nox,"",6.6,11-09-2023,2023
1020230922nox,Centro,nox,"",10.4,22-09-2023,2023
1020210926nox,Centro,nox,"",3.9,26-09-2021,2021
1020210913nox,Centro,nox,"",6.9,13-09-2021,2021
1020210912nox,Centro,nox,"",3.9,12-09-2021,2021
1020230810nox,Centro,nox,"",3.8,10-08-2023,2023
1020230902nox,Centro,nox,"",3.3,02-09-2023,2023
1020220625nox,Centro,nox,"",2.8,25-06-2022,2022
1020220716nox,Centro,nox,"",5.1,16-07-2022,2022
1020220808nox,Centro,nox,"",4,08-08-2022,2022
1020231102nox,Centro,nox,"",4.6,02-11-2023,2023
1020231104nox,Centro,nox,"",5.9,04-11-2023,2023
1020231108nox,Centro,nox,"",17.2,08-11-2023,2023
1020210903nox,Centro,nox,"",6.4,03-09-2021,2021
1020220311nox,Centro,nox,"",7.5,11-03-2022,2022
1020220312nox,Centro,nox,"",3.1,12-03-2022,2022
1020220704nox,Centro,nox,"",3.4,04-07-2022,2022
1020220723nox,Centro,nox,"",2.3,23-07-2022,2022
1020220130nox,Centro,nox,"",18.2,30-01-2022,2022
1020230328nox,Centro,nox,"",10.7,28-03-2023,2023
1020230811nox,Centro,nox,"",6.6,11-08-2023,2023
1020210630nox,Centro,nox,"",3.7,30-06-2021,2021
1020210518nox,Centro,nox,"",4,18-05-2021,2021
1020210321nox,Centro,nox,"",1.6,21-03-2021,2021
1020210414nox,Centro,nox,"",4,14-04-2021,2021
1020210411nox,Centro,nox,"",2.2,11-04-2021,2021
1020220425nox,Centro,nox,"",8.9,25-04-2022,2022
1020230827nox,Centro,nox,"",1.8,27-08-2023,2023
1020211128nox,Centro,nox,"",3.9,28-11-2021,2021
1020211122nox,Centro,nox,"",7.5,22-11-2021,2021
1020211123nox,Centro,nox,"",12.2,23-11-2021,2021
1020211130nox,Centro,nox,"",7.7,30-11-2021,2021
1020220402nox,Centro,nox,"",1.6,02-04-2022,2022
1020230428nox,Centro,nox,"",9.3,28-04-2023,2023
1020230505nox,Centro,nox,"",9.7,05-05-2023,2023
1020230603nox,Centro,nox,"",3.9,03-06-2023,2023
1020230607nox,Centro,nox,"",5.1,07-06-2023,2023
1020220113nox,Centro,nox,"",26.6,13-01-2022,2022
1020220329nox,Centro,nox,"",5.4,29-03-2022,2022
1020230421nox,Centro,nox,"",9.5,21-04-2023,2023
1020230422nox,Centro,nox,"",5.1,22-04-2023,2023
1020230426nox,Centro,nox,"",9,26-04-2023,2023
1020210731nox,Centro,nox,"",3,31-07-2021,2021
1020230723nox,Centro,nox,"",2,23-07-2023,2023
1020220313nox,Centro,nox,"",1.9,13-03-2022,2022
1020220829nox,Centro,nox,"",4.7,29-08-2022,2022
1020230130nox,Centro,nox,"",6.2,30-01-2023,2023
1020230219nox,Centro,nox,"",9.6,19-02-2023,2023
1020230221nox,Centro,nox,"",15.7,21-02-2023,2023
1020230227nox,Centro,nox,"",5.9,27-02-2023,2023
1020220608nox,Centro,nox,"",4.5,08-06-2022,2022
1020240108nox,Centro,nox,"",5.3,08-01-2024,2024
1020240127nox,Centro,nox,"",26.6,27-01-2024,2024
1020221012nox,Centro,nox,"",6.3,12-10-2022,2022
1020221108nox,Centro,nox,"",36.6,08-11-2022,2022
1020221130nox,Centro,nox,"",15,30-11-2022,2022
1020231120nox,Centro,nox,"",18.7,20-11-2023,2023
1020240131nox,Centro,nox,"",20.1,31-01-2024,2024
1020211201nox,Centro,nox,"",18.6,01-12-2021,2021
1020220413nox,Centro,nox,"",6.2,13-04-2022,2022
1020231119nox,Centro,nox,"",15.6,19-11-2023,2023
1020221217nox,Centro,nox,"",12.1,17-12-2022,2022
1020221219nox,Centro,nox,"",17.5,19-12-2022,2022
1020221220nox,Centro,nox,"",17.3,20-12-2022,2022
1020220520nox,Centro,nox,"",7.7,20-05-2022,2022
1020230107nox,Centro,nox,"",14.4,07-01-2023,2023
1020240301nox,Centro,nox,"",8.5,01-03-2024,2024
1020240305nox,Centro,nox,"",6.4,05-03-2024,2024
1020240310nox,Centro,nox,"",6.5,10-03-2024,2024
1020240312nox,Centro,nox,"",9.8,12-03-2024,2024
1020240313nox,Centro,nox,"",23.9,13-03-2024,2024
1020220219nox,Centro,nox,"",2,19-02-2022,2022
1020220220nox,Centro,nox,"",1.8,20-02-2022,2022
1020220420nox,Centro,nox,"",4,20-04-2022,2022
1020220108nox,Centro,nox,"",7.1,08-01-2022,2022
1020220319nox,Centro,nox,"",5.4,19-03-2022,2022
1020230910nox,Centro,nox,"",2.6,10-09-2023,2023
1020230920nox,Centro,nox,"",8.5,20-09-2023,2023
1020211005nox,Centro,nox,"",8.4,05-10-2021,2021
1020220508nox,Centro,nox,"",3.1,08-05-2022,2022
1020220522nox,Centro,nox,"",3.5,22-05-2022,2022
1020220602nox,Centro,nox,"",4.8,02-06-2022,2022
1020221111nox,Centro,nox,"",25.1,11-11-2022,2022
1020221116nox,Centro,nox,"",23.9,16-11-2022,2022
1020220104nox,Centro,nox,"",32.8,04-01-2022,2022
1020220106nox,Centro,nox,"",3.6,06-01-2022,2022
1020220111nox,Centro,nox,"",5.2,11-01-2022,2022
1020220419nox,Centro,nox,"",3.6,19-04-2022,2022
1020221212nox,Centro,nox,"",16.5,12-12-2022,2022
1020221230nox,Centro,nox,"",20.9,30-12-2022,2022
1020211014nox,Centro,nox,"",7.7,14-10-2021,2021
1020210206nox,Centro,nox,"",7.2,06-02-2021,2021
1020210410nox,Centro,nox,"",2.8,10-04-2021,2021
1020220717nox,Centro,nox,"",2.3,17-07-2022,2022
1020220718nox,Centro,nox,"",5.9,18-07-2022,2022
1020230101nox,Centro,nox,"",8.2,01-01-2023,2023
1020211029nox,Centro,nox,"",9.9,29-10-2021,2021
1020210207nox,Centro,nox,"",5,07-02-2021,2021
1020210830nox,Centro,nox,"",4.1,30-08-2021,2021
1020210301nox,Centro,nox,"",10.2,01-03-2021,2021
1020220727nox,Centro,nox,"",3.4,27-07-2022,2022
1020220731nox,Centro,nox,"",1.6,31-07-2022,2022
1020230118nox,Centro,nox,"",6.9,18-01-2023,2023
1020230119nox,Centro,nox,"",8.4,19-01-2023,2023
1020230202nox,Centro,nox,"",15.3,02-02-2023,2023
1020220125nox,Centro,nox,"",27.8,25-01-2022,2022
1020210826nox,Centro,nox,"",3.7,26-08-2021,2021
1020210811nox,Centro,nox,"",4.3,11-08-2021,2021
1020210430nox,Centro,nox,"",3.2,30-04-2021,2021
1020210817nox,Centro,nox,"",3.2,17-08-2021,2021
1020210227nox,Centro,nox,"",6.6,27-02-2021,2021
1020210616nox,Centro,nox,"",5.3,16-06-2021,2021
1020210809nox,Centro,nox,"",4.3,09-08-2021,2021
1020210221nox,Centro,nox,"",5,21-02-2021,2021
1020210220nox,Centro,nox,"",6.5,20-02-2021,2021
1020220912nox,Centro,nox,"",4,12-09-2022,2022
1020220917nox,Centro,nox,"",4.6,17-09-2022,2022
1020230203nox,Centro,nox,"",22.5,03-02-2023,2023
1020230213nox,Centro,nox,"",13.1,13-02-2023,2023
1020230220nox,Centro,nox,"",19,20-02-2023,2023
1020230228nox,Centro,nox,"",4.8,28-02-2023,2023
1020210502nox,Centro,nox,"",2,02-05-2021,2021
1020210617nox,Centro,nox,"",4.1,17-06-2021,2021
1020210526nox,Centro,nox,"",3.8,26-05-2021,2021
1020230326nox,Centro,nox,"",4.3,26-03-2023,2023
1020220424nox,Centro,nox,"",2.9,24-04-2022,2022
1020210621nox,Centro,nox,"",4.5,21-06-2021,2021
1020211218nox,Centro,nox,"",9,18-12-2021,2021
1020230115nox,Centro,nox,"",9.1,15-01-2023,2023
1020230214nox,Centro,nox,"",14.5,14-02-2023,2023
1020230717nox,Centro,nox,"",3.3,17-07-2023,2023
1020210419nox,Centro,nox,"",4.8,19-04-2021,2021
1020211030nox,Centro,nox,"",6.9,30-10-2021,2021
1020210615nox,Centro,nox,"",4.5,15-06-2021,2021
1020210323nox,Centro,nox,"",5.8,23-03-2021,2021
1020210530nox,Centro,nox,"",2.1,30-05-2021,2021
1020220119nox,Centro,nox,"",20.8,19-01-2022,2022
1020220131nox,Centro,nox,"",3.5,31-01-2022,2022
1020220531nox,Centro,nox,"",5.6,31-05-2022,2022
1020230724nox,Centro,nox,"",2.1,24-07-2023,2023
1020210611nox,Centro,nox,"",3.9,11-06-2021,2021
1020210820nox,Centro,nox,"",4.4,20-08-2021,2021
1020220613nox,Centro,nox,"",6.4,13-06-2022,2022
1020230813nox,Centro,nox,"",2.5,13-08-2023,2023
1020230816nox,Centro,nox,"",4.2,16-08-2023,2023
1020230818nox,Centro,nox,"",4.2,18-08-2023,2023
1020230822nox,Centro,nox,"",7,22-08-2023,2023
1020210327nox,Centro,nox,"",2.4,27-03-2021,2021
1020220701nox,Centro,nox,"",5.1,01-07-2022,2022
1020231017nox,Centro,nox,"",7.5,17-10-2023,2023
1020231026nox,Centro,nox,"",16.9,26-10-2023,2023
1020231029nox,Centro,nox,"",3.1,29-10-2023,2023
1020230212nox,Centro,nox,"",7,12-02-2023,2023
1020240122nox,Centro,nox,"",26.5,22-01-2024,2024
1020240203nox,Centro,nox,"",20.3,03-02-2024,2024
1020220310nox,Centro,nox,"",5.1,10-03-2022,2022
1020220628nox,Centro,nox,"",4.2,28-06-2022,2022
1020230929nox,Centro,nox,"",30.2,29-09-2023,2023
1020231112nox,Centro,nox,"",13,12-11-2023,2023
1020211214nox,Centro,nox,"",10.6,14-12-2021,2021
1020220626nox,Centro,nox,"",1.5,26-06-2022,2022
1020221225nox,Centro,nox,"",11.1,25-12-2022,2022
1020240207nox,Centro,nox,"",20,07-02-2024,2024
1020240222nox,Centro,nox,"",12.9,22-02-2024,2024
1020240302nox,Centro,nox,"",5.5,02-03-2024,2024
1020210111nox,Centro,nox,"",7.4,11-01-2021,2021
1020210105nox,Centro,nox,"",11.1,05-01-2021,2021
1020210121nox,Centro,nox,"",21.7,21-01-2021,2021
1020231202nox,Centro,nox,"",3.9,02-12-2023,2023
1020231214nox,Centro,nox,"",3.7,14-12-2023,2023
1020231219nox,Centro,nox,"",39.4,19-12-2023,2023
1020231221nox,Centro,nox,"",4,21-12-2023,2023
1020231224nox,Centro,nox,"",8.7,24-12-2023,2023
1020231230nox,Centro,nox,"",28.2,30-12-2023,2023
1020231021nox,Centro,nox,"",3.1,21-10-2023,2023
1020240311nox,Centro,nox,"",9.4,11-03-2024,2024
1020240315nox,Centro,nox,"",17.8,15-03-2024,2024
1020240318nox,Centro,nox,"",16.9,18-03-2024,2024
1020210126nox,Centro,nox,"",18.5,26-01-2021,2021
1020210109nox,Centro,nox,"",6.8,09-01-2021,2021
1020210102nox,Centro,nox,"",4.2,02-01-2021,2021
1020210123nox,Centro,nox,"",6.9,23-01-2021,2021
1020240101nox,Centro,nox,"",14.4,01-01-2024,2024
1020231228nox,Centro,nox,"",63.5,28-12-2023,2023
1020240322nox,Centro,nox,"",28.2,22-03-2024,2024
1020210120nox,Centro,nox,"",14.2,20-01-2021,2021
1020210112nox,Centro,nox,"",8.6,12-01-2021,2021
1020220729nox,Centro,nox,"",3.6,29-07-2022,2022
1020220228nox,Centro,nox,"",11.5,28-02-2022,2022
1020220302nox,Centro,nox,"",5.1,02-03-2022,2022
1020220304nox,Centro,nox,"",2.3,04-03-2022,2022
1020220416nox,Centro,nox,"",1.3,16-04-2022,2022
1020231218nox,Centro,nox,"",50,18-12-2023,2023
1020220821nox,Centro,nox,"",1.6,21-08-2022,2022
1020221008nox,Centro,nox,"",5.1,08-10-2022,2022
1020221106nox,Centro,nox,"",9.5,06-11-2022,2022
1020230930nox,Centro,nox,"",14.2,30-09-2023,2023
1020210919nox,Centro,nox,"",3.1,19-09-2021,2021
1020210909nox,Centro,nox,"",5.1,09-09-2021,2021
1020230731nox,Centro,nox,"",4.2,31-07-2023,2023
1020230808nox,Centro,nox,"",9.1,08-08-2023,2023
1020230819nox,Centro,nox,"",3.9,19-08-2023,2023
1020220621nox,Centro,nox,"",6,21-06-2022,2022
1020231025nox,Centro,nox,"",15.7,25-10-2023,2023
1020220301nox,Centro,nox,"",9.9,01-03-2022,2022
1020220328nox,Centro,nox,"",6.4,28-03-2022,2022
1020230915nox,Centro,nox,"",6.1,15-09-2023,2023
1020230917nox,Centro,nox,"",2.7,17-09-2023,2023
1020230921nox,Centro,nox,"",4.9,21-09-2023,2023
1020231001nox,Centro,nox,"",14.6,01-10-2023,2023
1020231002nox,Centro,nox,"",7,02-10-2023,2023
1020220910nox,Centro,nox,"",4.7,10-09-2022,2022
1020220922nox,Centro,nox,"",6.8,22-09-2022,2022
1020221203nox,Centro,nox,"",12.4,03-12-2022,2022
1020231216nox,Centro,nox,"",6.4,16-12-2023,2023
1020231229nox,Centro,nox,"",90.2,29-12-2023,2023
1020220517nox,Centro,nox,"",10.3,17-05-2022,2022
1020220530nox,Centro,nox,"",3.8,30-05-2022,2022
1020210814nox,Centro,nox,"",4,14-08-2021,2021
1020210402nox,Centro,nox,"",2.3,02-04-2021,2021
1020221121nox,Centro,nox,"",12.5,21-11-2022,2022
1020230427nox,Centro,nox,"",13.6,27-04-2023,2023
1020230503nox,Centro,nox,"",11.7,03-05-2023,2023
1020230504nox,Centro,nox,"",8.8,04-05-2023,2023
1020210806nox,Centro,nox,"",4.1,06-08-2021,2021
1020210822nox,Centro,nox,"",3.1,22-08-2021,2021
1020210313nox,Centro,nox,"",8.9,13-03-2021,2021
1020230324nox,Centro,nox,"",7.5,24-03-2023,2023
1020230511nox,Centro,nox,"",5.4,11-05-2023,2023
1020220102nox,Centro,nox,"",21.6,02-01-2022,2022
1020210823nox,Centro,nox,"",3.7,23-08-2021,2021
1020210801nox,Centro,nox,"",2.8,01-08-2021,2021
1020210623nox,Centro,nox,"",3,23-06-2021,2021
1020210203nox,Centro,nox,"",20.4,03-02-2021,2021
1020230501nox,Centro,nox,"",4.2,01-05-2023,2023
1020230531nox,Centro,nox,"",4.8,31-05-2023,2023
1020230611nox,Centro,nox,"",3.9,11-06-2023,2023
1020230614nox,Centro,nox,"",3.5,14-06-2023,2023
1020210202nox,Centro,nox,"",18.4,02-02-2021,2021
1020211020nox,Centro,nox,"",7.4,20-10-2021,2021
1020210522nox,Centro,nox,"",2.1,22-05-2021,2021
1020211108nox,Centro,nox,"",4.1,08-11-2021,2021
1020230609nox,Centro,nox,"",7.7,09-06-2023,2023
1020210707nox,Centro,nox,"",3.3,07-07-2021,2021
1020230817nox,Centro,nox,"",5.2,17-08-2023,2023
1020230820nox,Centro,nox,"",3.5,20-08-2023,2023
1020230909nox,Centro,nox,"",3.5,09-09-2023,2023
1020210928nox,Centro,nox,"",6.3,28-09-2021,2021
1020210920nox,Centro,nox,"",3.9,20-09-2021,2021
1020211001nox,Centro,nox,"",8.6,01-10-2021,2021
1020211006nox,Centro,nox,"",3.9,06-10-2021,2021
1020230621nox,Centro,nox,"",4.5,21-06-2023,2023
1020230622nox,Centro,nox,"",4.1,22-06-2023,2023
1020210704nox,Centro,nox,"",2.2,04-07-2021,2021
1020210730nox,Centro,nox,"",3.7,30-07-2021,2021
1020220226nox,Centro,nox,"",4.2,26-02-2022,2022
1020230913nox,Centro,nox,"",4,13-09-2023,2023
1020210512nox,Centro,nox,"",4.2,12-05-2021,2021
1020220115nox,Centro,nox,"",22.2,15-01-2022,2022
1020220524nox,Centro,nox,"",3,24-05-2022,2022
1020230829nox,Centro,nox,"",2.6,29-08-2023,2023
1020220512nox,Centro,nox,"",5.6,12-05-2022,2022
1020220804nox,Centro,nox,"",5,04-08-2022,2022
1020230224nox,Centro,nox,"",7.8,24-02-2023,2023
1020230320nox,Centro,nox,"",12.8,20-03-2023,2023
1020230210nox,Centro,nox,"",19.7,10-02-2023,2023
1020230211nox,Centro,nox,"",9.6,11-02-2023,2023
1020230215nox,Centro,nox,"",13.3,15-02-2023,2023
1020230225nox,Centro,nox,"",7.1,25-02-2023,2023
1020240115nox,Centro,nox,"",90.8,15-01-2024,2024
1020230124nox,Centro,nox,"",9.9,24-01-2023,2023
1020230405nox,Centro,nox,"",4.6,05-04-2023,2023
1020230414nox,Centro,nox,"",8.6,14-04-2023,2023
1020211124nox,Centro,nox,"",7.7,24-11-2021,2021
1020220705nox,Centro,nox,"",6.8,05-07-2022,2022
1020230526nox,Centro,nox,"",4.2,26-05-2023,2023
1020230514nox,Centro,nox,"",4.5,14-05-2023,2023
1020210703nox,Centro,nox,"",2.5,03-07-2021,2021
1020210727nox,Centro,nox,"",4.6,27-07-2021,2021
1020230709nox,Centro,nox,"",3.7,09-07-2023,2023
1020211109nox,Centro,nox,"",5.7,09-11-2021,2021
1020211103nox,Centro,nox,"",5.4,03-11-2021,2021
1020211106nox,Centro,nox,"",4,06-11-2021,2021
1020211208nox,Centro,nox,"",3.8,08-12-2021,2021
1020230527nox,Centro,nox,"",4.7,27-05-2023,2023
1020230619nox,Centro,nox,"",4.7,19-06-2023,2023
1020210712nox,Centro,nox,"",3,12-07-2021,2021
1020210722nox,Centro,nox,"",5,22-07-2021,2021
1020210709nox,Centro,nox,"",4.6,09-07-2021,2021
1020230727nox,Centro,nox,"",4.8,27-07-2023,2023
1020230730nox,Centro,nox,"",2.6,30-07-2023,2023
1020230802nox,Centro,nox,"",5.2,02-08-2023,2023
1020211003nox,Centro,nox,"",3.5,03-10-2021,2021
1020211203nox,Centro,nox,"",6.9,03-12-2021,2021
1020220205nox,Centro,nox,"",3.9,05-02-2022,2022
1020240330nox,Centro,nox,"",5.7,30-03-2024,2024
1020220105nox,Centro,nox,"",4.8,05-01-2022,2022
1020220127nox,Centro,nox,"",28.6,27-01-2022,2022
1020221007nox,Centro,nox,"",10.7,07-10-2022,2022
1020221020nox,Centro,nox,"",10.3,20-10-2022,2022
1020221025nox,Centro,nox,"",23.7,25-10-2022,2022
1020220611nox,Centro,nox,"",2.9,11-06-2022,2022
1020220622nox,Centro,nox,"",5.4,22-06-2022,2022
1020231013nox,Centro,nox,"",8.1,13-10-2023,2023
1020220209nox,Centro,nox,"",13.7,09-02-2022,2022
1020220212nox,Centro,nox,"",9.4,12-02-2022,2022
1020221104nox,Centro,nox,"",8.7,04-11-2022,2022
1020221107nox,Centro,nox,"",19.5,07-11-2022,2022
1020240202nox,Centro,nox,"",11.4,02-02-2024,2024
1020211224nox,Centro,nox,"",17.4,24-12-2021,2021
1020220709nox,Centro,nox,"",2,09-07-2022,2022
1020220811nox,Centro,nox,"",6.1,11-08-2022,2022
1020220817nox,Centro,nox,"",2.2,17-08-2022,2022
1020240323nox,Centro,nox,"",5.1,23-03-2024,2024
1020220408nox,Centro,nox,"",3.2,08-04-2022,2022
1020221001nox,Centro,nox,"",10.1,01-10-2022,2022
1020221213nox,Centro,nox,"",26.3,13-12-2022,2022
1020240208nox,Centro,nox,"",29,08-02-2024,2024
1020240214nox,Centro,nox,"",33.7,14-02-2024,2024
1020240218nox,Centro,nox,"",4.4,18-02-2024,2024
1020221201nox,Centro,nox,"",20.7,01-12-2022,2022
1020220810nox,Centro,nox,"",4.7,10-08-2022,2022
1020230105nox,Centro,nox,"",17.3,05-01-2023,2023
1020240204nox,Centro,nox,"",26.4,04-02-2024,2024
1020220222nox,Centro,nox,"",4,22-02-2022,2022
1020220317nox,Centro,nox,"",2.9,17-03-2022,2022
1020220322nox,Centro,nox,"",3.4,22-03-2022,2022
1020221021nox,Centro,nox,"",13.2,21-10-2022,2022
1020221023nox,Centro,nox,"",5.3,23-10-2022,2022
1020220410nox,Centro,nox,"",2.4,10-04-2022,2022
1020221018nox,Centro,nox,"",9.7,18-10-2022,2022
1020211002nox,Centro,nox,"",4.8,02-10-2021,2021
1020220502nox,Centro,nox,"",2.8,02-05-2022,2022
1020220509nox,Centro,nox,"",7.3,09-05-2022,2022
1020220527nox,Centro,nox,"",4,27-05-2022,2022
1020221119nox,Centro,nox,"",5.2,19-11-2022,2022
1020221120nox,Centro,nox,"",6.4,20-11-2022,2022
1020221122nox,Centro,nox,"",12.3,22-11-2022,2022
1020221124nox,Centro,nox,"",26.5,24-11-2022,2022
1020210405nox,Centro,nox,"",3,05-04-2021,2021
1020220128nox,Centro,nox,"",20.8,28-01-2022,2022
1020220221nox,Centro,nox,"",3.7,21-02-2022,2022
1020210407nox,Centro,nox,"",3,07-04-2021,2021
1020210408nox,Centro,nox,"",4.3,08-04-2021,2021
1020210604nox,Centro,nox,"",4.5,04-06-2021,2021
1020220925nox,Centro,nox,"",3.9,25-09-2022,2022
1020220927nox,Centro,nox,"",5.1,27-09-2022,2022
1020221016nox,Centro,nox,"",5.7,16-10-2022,2022
1020211113nox,Centro,nox,"",4.6,13-11-2021,2021
1020230321nox,Centro,nox,"",11.6,21-03-2023,2023
1020230327nox,Centro,nox,"",5.3,27-03-2023,2023
1020230329nox,Centro,nox,"",9.2,29-03-2023,2023
1020210605nox,Centro,nox,"",2.7,05-06-2021,2021
1020210831nox,Centro,nox,"",5.2,31-08-2021,2021
1020210527nox,Centro,nox,"",8.4,27-05-2021,2021
1020210606nox,Centro,nox,"",2.1,06-06-2021,2021
1020210427nox,Centro,nox,"",3.7,27-04-2021,2021
1020210422nox,Centro,nox,"",4.2,22-04-2021,2021
1020220224nox,Centro,nox,"",10.6,24-02-2022,2022
1020230410nox,Centro,nox,"",8.1,10-04-2023,2023
1020230413nox,Centro,nox,"",5.5,13-04-2023,2023
1020210317nox,Centro,nox,"",2.5,17-03-2021,2021
1020210529nox,Centro,nox,"",2.6,29-05-2021,2021
1020220211nox,Centro,nox,"",14.2,11-02-2022,2022
1020230506nox,Centro,nox,"",6.8,06-05-2023,2023
1020210417nox,Centro,nox,"",2.1,17-04-2021,2021
1020210626nox,Centro,nox,"",2.9,26-06-2021,2021
1020210622nox,Centro,nox,"",3.7,22-06-2021,2021
1020230218nox,Centro,nox,"",16.9,18-02-2023,2023
1020230525nox,Centro,nox,"",3.2,25-05-2023,2023
1020210824nox,Centro,nox,"",3.6,24-08-2021,2021
1020210805nox,Centro,nox,"",5.6,05-08-2021,2021
1020210523nox,Centro,nox,"",2.2,23-05-2021,2021
1020220706nox,Centro,nox,"",2.9,06-07-2022,2022
1020221205nox,Centro,nox,"",13.2,05-12-2022,2022
1020221206nox,Centro,nox,"",14.5,06-12-2022,2022
1020210306nox,Centro,nox,"",6.9,06-03-2021,2021
1020211223nox,Centro,nox,"",18.1,23-12-2021,2021
1020220604nox,Centro,nox,"",2.6,04-06-2022,2022
1020220721nox,Centro,nox,"",6.5,21-07-2022,2022
1020211222nox,Centro,nox,"",16.6,22-12-2021,2021
1020230104nox,Centro,nox,"",23.6,04-01-2023,2023
1020210218nox,Centro,nox,"",13.1,18-02-2021,2021
1020210429nox,Centro,nox,"",3.3,29-04-2021,2021
1020210813nox,Centro,nox,"",4.3,13-08-2021,2021
1020211213nox,Centro,nox,"",16.3,13-12-2021,2021
1020230127nox,Centro,nox,"",6.7,27-01-2023,2023
1020230128nox,Centro,nox,"",4.8,28-01-2023,2023
1020230129nox,Centro,nox,"",5.1,29-01-2023,2023
1020210222nox,Centro,nox,"",7.1,22-02-2021,2021
1020220904nox,Centro,nox,"",3.6,04-09-2022,2022
1020220906nox,Centro,nox,"",8.2,06-09-2022,2022
1020220305nox,Centro,nox,"",2,05-03-2022,2022
1020230204nox,Centro,nox,"",7.1,04-02-2023,2023
1020230604nox,Centro,nox,"",4.4,04-06-2023,2023
1020230608nox,Centro,nox,"",5.2,08-06-2023,2023
1020220123nox,Centro,nox,"",9.6,23-01-2022,2022
1020210415nox,Centro,nox,"",4.2,15-04-2021,2021
1020210808nox,Centro,nox,"",3.1,08-08-2021,2021
1020210329nox,Centro,nox,"",4,29-03-2021,2021
1020210507nox,Centro,nox,"",4.3,07-05-2021,2021
1020210603nox,Centro,nox,"",4,03-06-2021,2021
1020211021nox,Centro,nox,"",4.9,21-10-2021,2021
1020221202nox,Centro,nox,"",16,02-12-2022,2022
1020230707nox,Centro,nox,"",5.5,07-07-2023,2023
1020210409nox,Centro,nox,"",5.4,09-04-2021,2021
1020210601nox,Centro,nox,"",4.1,01-06-2021,2021
1020210510nox,Centro,nox,"",3.4,10-05-2021,2021
1020211025nox,Centro,nox,"",13.6,25-10-2021,2021
1020210212nox,Centro,nox,"",21.9,12-02-2021,2021
1020211221nox,Centro,nox,"",25.4,21-12-2021,2021
1020211219nox,Centro,nox,"",7.7,19-12-2021,2021
1020211220nox,Centro,nox,"",13.3,20-12-2021,2021
1020230716nox,Centro,nox,"",1.5,16-07-2023,2023
1020210803nox,Centro,nox,"",4.5,03-08-2021,2021
1020210614nox,Centro,nox,"",5.8,14-06-2021,2021
1020220202nox,Centro,nox,"",11,02-02-2022,2022
1020230507nox,Centro,nox,"",4.5,07-05-2023,2023
1020210517nox,Centro,nox,"",2.8,17-05-2021,2021
1020240215nox,Centro,nox,"",14.5,15-02-2024,2024
1020210122nox,Centro,nox,"",6.9,22-01-2021,2021
1020210117nox,Centro,nox,"",5.1,17-01-2021,2021
1020210114nox,Centro,nox,"",7.2,14-01-2021,2021
1020210128nox,Centro,nox,"",40.7,28-01-2021,2021
1020210129nox,Centro,nox,"",13.4,29-01-2021,2021
1020231220nox,Centro,nox,"",3.3,20-12-2023,2023
1020230925nox,Centro,nox,"",9.5,25-09-2023,2023
1020231130nox,Centro,nox,"",38.2,30-11-2023,2023
1020231217nox,Centro,nox,"",25.9,17-12-2023,2023
1020240316nox,Centro,nox,"",8.1,16-03-2024,2024
1020210116nox,Centro,nox,"",5.2,16-01-2021,2021
1020210125nox,Centro,nox,"",9.4,25-01-2021,2021
1020210101nox,Centro,nox,"",4,01-01-2021,2021
1020210113nox,Centro,nox,"",7.1,13-01-2021,2021
1020240109nox,Centro,nox,"",13.6,09-01-2024,2024
1020211211nox,Centro,nox,"",4.1,11-12-2021,2021
1020231116nox,Centro,nox,"",18.1,16-11-2023,2023
1020220203nox,Centro,nox,"",28,03-02-2022,2022
1020220623nox,Centro,nox,"",5,23-06-2022,2022
1020220908nox,Centro,nox,"",9.6,08-09-2022,2022
1020220909nox,Centro,nox,"",4.6,09-09-2022,2022
1020231006nox,Centro,nox,"",22.4,06-10-2023,2023
1020220325nox,Centro,nox,"",4.4,25-03-2022,2022
1020220616nox,Centro,nox,"",7.6,16-06-2022,2022
1020221227nox,Centro,nox,"",38.3,27-12-2022,2022
1020231204nox,Centro,nox,"",9,04-12-2023,2023
1020231206nox,Centro,nox,"",10.8,06-12-2023,2023
1020231208nox,Centro,nox,"",3.9,08-12-2023,2023
1020231227nox,Centro,nox,"",24,27-12-2023,2023
1020220805nox,Centro,nox,"",3.3,05-08-2022,2022
1020231022nox,Centro,nox,"",3.6,22-10-2023,2023
1020231024nox,Centro,nox,"",5.5,24-10-2023,2023
1020221228nox,Centro,nox,"",25.3,28-12-2022,2022
1020240106nox,Centro,nox,"",2.8,06-01-2024,2024
1020240117nox,Centro,nox,"",18.7,17-01-2024,2024
1020240123nox,Centro,nox,"",29,23-01-2024,2024
1020220504nox,Centro,nox,"",4.1,04-05-2022,2022
1020220827nox,Centro,nox,"",3,27-08-2022,2022
1020220830nox,Centro,nox,"",9,30-08-2022,2022
1020231107nox,Centro,nox,"",16,07-11-2023,2023
1020231122nox,Centro,nox,"",4,22-11-2023,2023
1020231123nox,Centro,nox,"",3.7,23-11-2023,2023
1020221004nox,Centro,nox,"",19,04-10-2022,2022
1020221216nox,Centro,nox,"",28.2,16-12-2022,2022
1020211013nox,Centro,nox,"",4,13-10-2021,2021
1020210904nox,Centro,nox,"",3.9,04-09-2021,2021
1020210719nox,Centro,nox,"",3.3,19-07-2021,2021
1020230916nox,Centro,nox,"",3.6,16-09-2023,2023
1020230919nox,Centro,nox,"",5,19-09-2023,2023
1020230926nox,Centro,nox,"",9.2,26-09-2023,2023
1020231003nox,Centro,nox,"",4.3,03-10-2023,2023
1020231004nox,Centro,nox,"",10.9,04-10-2023,2023
1020210911nox,Centro,nox,"",4.2,11-09-2021,2021
1020210916nox,Centro,nox,"",4.2,16-09-2021,2021
1020210914nox,Centro,nox,"",7.4,14-09-2021,2021
1020210908nox,Centro,nox,"",5.9,08-09-2021,2021
1020230812nox,Centro,nox,"",2.9,12-08-2023,2023
1020220417nox,Centro,nox,"",1.1,17-04-2022,2022
1020220609nox,Centro,nox,"",3.5,09-06-2022,2022
1020220630nox,Centro,nox,"",3.6,30-06-2022,2022
1020231012nox,Centro,nox,"",5.4,12-10-2023,2023
1020231111nox,Centro,nox,"",24.3,11-11-2023,2023
1020210901nox,Centro,nox,"",5,01-09-2021,2021
1020210922nox,Centro,nox,"",8.5,22-09-2021,2021
1020220124nox,Centro,nox,"",29.5,24-01-2022,2022
1020230906nox,Centro,nox,"",4.8,06-09-2023,2023
1020211026nox,Centro,nox,"",6.8,26-10-2021,2021
1020210513nox,Centro,nox,"",4.9,13-05-2021,2021
1020210412nox,Centro,nox,"",2.7,12-04-2021,2021
1020210613nox,Centro,nox,"",2.8,13-06-2021,2021
1020220612nox,Centro,nox,"",5.4,12-06-2022,2022
1020220712nox,Centro,nox,"",6.1,12-07-2022,2022
1020220730nox,Centro,nox,"",2.1,30-07-2022,2022
1020230311nox,Centro,nox,"",6.2,11-03-2023,2023
1020230809nox,Centro,nox,"",6.6,09-08-2023,2023
1020220213nox,Centro,nox,"",5.7,13-02-2022,2022
1020220802nox,Centro,nox,"",6.4,02-08-2022,2022
1020220823nox,Centro,nox,"",7.3,23-08-2022,2022
1020220415nox,Centro,nox,"",1.6,15-04-2022,2022
1020230826nox,Centro,nox,"",4.1,26-08-2023,2023
1020230901nox,Centro,nox,"",6.3,01-09-2023,2023
